puntos,nombre,razon_social,personal,municipio,colonia,direccion,telefono,whatsapp,email,sitio,sitio_estado,sitio_https,sitio_segundos,sitio_wordpress,hallazgos,maps,id_denue
11,BUFFETE DE ABOGADOS ROBLES LAZO GALLARDO Y VALDEZ,,11 a 30 personas,Zapopan,JARDINES DE SAN IGNACIO,PRIVADA NIÑO OBRERO 676,3331213010,https://wa.me/523331213010,noemi.martin@rslgv.com.mx,http://www.rslgv.com.mx,no_cargo,,,,"El sitio no cargó en la revisión automática (Service Unavailable), verificar a mano","https://www.google.com/maps/search/?api=1&query=20.6658958,-103.41024921",1809707
11,CORPORATIVO JMV,CORPORATIVO JMV,11 a 30 personas,Zapopan,CIUDAD DEL SOL,AVENIDA CUAUHTEMOC 676,3331210192,https://wa.me/523331210192,adi@corporativojmv.com,http://www.corporativojmv.com,200,no,4.5,si,Sin HTTPS (el navegador lo marca como no seguro); Tarda 4.5s en responder; Sin botón de WhatsApp; Sin datos estructurados (schema),"https://www.google.com/maps/search/?api=1&query=20.64980395,-103.40814546",1811583
11,DESPACHO DE ABOGADOS ESTEVEZ SALINAS,,11 a 30 personas,Guadalajara,PROVIDENCIA,CALLE OTTAWA 1161,3338175681,https://wa.me/523338175681,manuel@estevez.org.mx,http://www.estevez.org.mx,200,si,1.2,si,Sin meta descripción; Sin botón de WhatsApp; Sin datos estructurados (schema),"https://www.google.com/maps/search/?api=1&query=20.69445477,-103.37799844",1649933
11,DESPACHO DE ABOGADOS RAMIREZ PALOS Y ASOCIADOS,,11 a 30 personas,Guadalajara,MONRAZ,CALLE NELSON 525,3320010658,https://wa.me/523320010658,leticia.navarro@ramirezpalos.com,,,,,,Sin sitio web registrado,"https://www.google.com/maps/search/?api=1&query=20.68443388,-103.3895941",6742384
11,DESPACHO JURIDICO DELGADILLO Y ASOCIADOS,,11 a 30 personas,Guadalajara,AMERICANA,CALLE PROGRESO 569,3336581261,https://wa.me/523336581261,delgadilloasociados@outlook.com,,,,,,Sin sitio web registrado,"https://www.google.com/maps/search/?api=1&query=20.66707825,-103.36693037",1669625
11,MGQAC ABOGADOS,,11 a 30 personas,Zapopan,ZAPOPAN CENTRO,CALLE VICENTE GUERRERO 328,3310420656,https://wa.me/523310420656,sgmmas61@gmail.com,,,,,,Sin sitio web registrado,"https://www.google.com/maps/search/?api=1&query=20.72085433,-103.39451534",11201492
11,SOLTERO Y ASOCIADOS,,11 a 30 personas,Guadalajara,LA ARBOLEDA,CALZADA LAZARO CARDENAS 2850,3331213610,https://wa.me/523331213610,solteroyasociados@live.com.mx,,,,,,Sin sitio web registrado,"https://www.google.com/maps/search/?api=1&query=20.66164021,-103.38705681",1858695
11,SOTO RISOLVE DESPACHO DE ABOGADOS,SOTO & ASOCIADOS CONSULTORES LEGALES,11 a 30 personas,Guadalajara,VALLARTA SAN JORGE,CALLE MIGUEL HIDALGO Y COSTILLA 3148,3338087938,https://wa.me/523338087938,zayra.astorga@sotorisolve.com,http://www.sotorisolve.com,200,si,8.6,si,Tarda 8.6s en responder; Sin meta descripción; Sin botón de WhatsApp,"https://www.google.com/maps/search/?api=1&query=20.676396,-103.39462373",1832468
11,VALERIANO CORPORACION DE ABOGADOS,,11 a 30 personas,Zapopan,RESIDENCIAL MOCTEZUMA PONIENTE,CALLE VOLCAN EDNA 1475,3336280090,https://wa.me/523336280090,info@valerianoabogados.com.mx,http://www.valerianoabogados.com.mx,dominio_no_existe,,,,El dominio no existe o expiró,"https://www.google.com/maps/search/?api=1&query=20.64997607,-103.43438746",1803696
10,ALLIOTH,CORTES RUIZ Y ASOCIADOS,6 a 10 personas,Zapopan,VILLA UNIVERSITARIA,CALLE PASEO JACARANDAS 1781,3315695629,https://wa.me/523315695629,atencion@rcalegal.mx,,,,,,Sin sitio web registrado,"https://www.google.com/maps/search/?api=1&query=20.69521397,-103.40906079",6768273
10,ASESORIA JURIDICA CORPORATIVA DURAN RUIZ Y ASOCIADOS,ASESORIA JURIDICA CORPORATIVA DURAN RUIZ Y ASOCIADOS,6 a 10 personas,Guadalajara,CHAPALITA,CALLE PARQUE DE LAS ESTRELLAS 2717,3314093318,https://wa.me/523314093318,asrduran@hotmail.com,,,,,,Sin sitio web registrado,"https://www.google.com/maps/search/?api=1&query=20.65790041,-103.38886229",11020500
10,BUFFETE JURIDICO RODRIGUEZ & ASOCIADOS,,6 a 10 personas,Guadalajara,LA GUADALUPANA,CALLE PEDRO ESPINOZA 1274,3310401600,https://wa.me/523310401600,aaronmex@hotmail.com,,,,,,Sin sitio web registrado,"https://www.google.com/maps/search/?api=1&query=20.70751775,-103.35223543",1664021
10,CENTRO CORPORATIVO JURIDICO SOCIAL,CENTRO CORPORATIVO JURIDICO SOCIAL,6 a 10 personas,Guadalajara,AMERICANA,CALLE FRANCISCO JAVIER GAMBOA 75,3336155642,https://wa.me/523336155642,jco@ccjs.com.mx,,,,,,Sin sitio web registrado,"https://www.google.com/maps/search/?api=1&query=20.67391632,-103.37716061",8380902
10,CHAVIRA Y ASOCIADOS,CHAVIRA Y ASOCIADOS,6 a 10 personas,Guadalajara,LADRON DE GUEVARA,CALLE FRANCISCO ROJAS GONZALEZ 18,3336153743,https://wa.me/523336153743,chaviraabogados@megared.com,,,,,,Sin sitio web registrado,"https://www.google.com/maps/search/?api=1&query=20.67592657,-103.37854731",1833709
10,CONSULTORES JURIDICOS,CONSULTORES JURIDICOS VASA Y ASOCIADOS,6 a 10 personas,Guadalajara,CENTRO,CALLE JOSE CLEMENTE OROZCO 279,3338250076,https://wa.me/523338250076,tani.chavez@vasayasoc.com,,,,,,Sin sitio web registrado,"https://www.google.com/maps/search/?api=1&query=20.68050067,-103.36619995",9177194
10,CORPORATIVO JURIDICO LEO,,6 a 10 personas,Guadalajara,CHAPULTEPEC COUNTRY,CALLE DURANGO 1528,3331243615,https://wa.me/523331243615,corporativojuridicoleo@hotmail.com,http://www.corporativoleo.com,dominio_no_existe,,,,El dominio no existe o expiró,"https://www.google.com/maps/search/?api=1&query=20.69901906,-103.358377",1664453
10,CRUZ VERJAN Y ASOCIADOS,,6 a 10 personas,Guadalajara,CENTRO,CALLE JUAN MANUEL 204,3312299261,https://wa.me/523312299261,cclverjanyasociados@outlook.com,,,,,,Sin sitio web registrado,"https://www.google.com/maps/search/?api=1&query=20.67891264,-103.34451846",11359137
10,DESPACHO JURIDICO GODINEZ CURIEL Y ASOCIADOS,,11 a 30 personas,Guadalajara,JARDINES DEL BOSQUE,CALLE RAYO 2636,3336474999,https://wa.me/523336474999,,,,,,,Sin sitio web registrado,"https://www.google.com/maps/search/?api=1&query=20.66207828,-103.38234271",1671864
10,FERNANDEZ SANTANA & LIMON ABOGADOS,,6 a 10 personas,Guadalajara,LADRON DE GUEVARA,CALLE HERRERA Y CAIRO 2466,3328277888,https://wa.me/523328277888,administracion@fsl-abogados.com,,,,,,Sin sitio web registrado,"https://www.google.com/maps/search/?api=1&query=20.68342131,-103.37893624",11205138
10,GAFISCAL DESPACHO LEGAL,GAFISCAL,11 a 30 personas,Guadalajara,HIDALGO,CALLE POMPEYA 2775,3322740946,https://wa.me/523322740946,,,,,,,Sin sitio web registrado,"https://www.google.com/maps/search/?api=1&query=20.69049233,-103.38455012",7781994
10,GONZALEZ LUNA ABOGADOS,CONSULTORIOS JURIDICOS GONZALEZ LUNA,6 a 10 personas,Guadalajara,COUNTRY CLUB,PROLONGACION PROLONGACION DE LAS AMERICAS 1536,3338170024,https://wa.me/523338170024,info@gonzalezluna.com,http://www.gonzalezluna.com,200,si,0.5,no,Sin botón de WhatsApp; Sin datos estructurados (schema),"https://www.google.com/maps/search/?api=1&query=20.70280407,-103.37581051",1664689
10,MEMBRANAS Y SOLUCIONES,CORPORATIVO DELTA,31 a 50 personas,Guadalajara,DEL SUR,CALLE SANTO DOMINGO 2085,3310165964,https://wa.me/523310165964,,http://www.coorporativodelta.com,dominio_no_existe,,,,El dominio no existe o expiró,"https://www.google.com/maps/search/?api=1&query=20.65093531,-103.37163765",1799969
10,MUÑOZ DIAZ ABOGADOS,,6 a 10 personas,Guadalajara,CHAPALITA,CALLE SAN URIEL 690,3336475452,https://wa.me/523336475452,munozdiaz@megared.net.mx,,,,,,Sin sitio web registrado,"https://www.google.com/maps/search/?api=1&query=20.66607748,-103.40028774",1858233
10,OFICINA DE ABOGADOS CUELLAR ZARATE Y ASOCIADOS,CUELLAR ZARATE Y ASOCIADOS,6 a 10 personas,Zapopan,CIUDAD DEL SOL,CALLE XOCHITL 231,3339536424,https://wa.me/523339536424,info@cuellarzarate.com,,,,,,Sin sitio web registrado,"https://www.google.com/maps/search/?api=1&query=20.65443288,-103.40773521",1696091
10,ORTEGA Y ASOCIADOS,,6 a 10 personas,Guadalajara,POLANQUITO,AVENIDA 8 DE JULIO 3693,3333307277,https://wa.me/523333307277,corporativo.ortega.asociados@gmail.com,,,,,,Sin sitio web registrado,"https://www.google.com/maps/search/?api=1&query=20.61853743,-103.37323321",7039400
10,VELVEDET DESPACHO JURIDICO,VELVEDET Y ASOCIADOS,31 a 50 personas,Zapopan,LA CALMA,CALLE CRUZ DEL SUR 4480,3319616115,https://wa.me/523319616115,,http://www.velvedet.com.mx,200,no,0.9,no,Sin HTTPS (el navegador lo marca como no seguro); Sin datos estructurados (schema),"https://www.google.com/maps/search/?api=1&query=20.6364403,-103.42109229",11107267
9,ABOGADOS SIN NOMBRE,ABAROA Y DE LA MORA Y ASOCIADOS,6 a 10 personas,Guadalajara,PROVIDENCIA,AVENIDA PROVIDENCIA 2835,3336401129,https://wa.me/523336401129,,,,,,,Sin sitio web registrado,"https://www.google.com/maps/search/?api=1&query=20.69967008,-103.38407692",1957544
9,ALAM RAMOS Y ASOCIADOS,ALAM RAMOS Y ASOCIADOS,6 a 10 personas,Guadalajara,CENTRO,CALZADA CALZADA DEL FEDERALISMO SUR 568,3337942118,https://wa.me/523337942118,,,,,,,Sin sitio web registrado,"https://www.google.com/maps/search/?api=1&query=20.66780821,-103.35521941",11527355
9,ASESORIA LEGAL ESPINOZA DE LOS MONTEROS Y ASOCIADOS,ESPINOZA DE LOS MONTEROS RAMIREZ Y ASOCIADOS,6 a 10 personas,Zapopan,CHAPALITA ORIENTE,CALLE 12 DE DICIEMBRE 845,3330675131,https://wa.me/523330675131,,,,,,,Sin sitio web registrado,"https://www.google.com/maps/search/?api=1&query=20.66408556,-103.40389094",1811093
9,BUFETES JURIDICOS,FREGOSO MARTINEZ Y DE LABRA,11 a 30 personas,Zapopan,REAL DE ACUEDUCTO,CALLE REAL DE ACUEDUCTO 240,3336111787,https://wa.me/523336111787,jcampos@fmlsc.mx,,,,,,Sin sitio web registrado,"https://www.google.com/maps/search/?api=1&query=20.71092509,-103.41012838",1641024
9,CR & ASOCIADOS,EMPRESA FAPAVA COMERCIALIZADORA,6 a 10 personas,Guadalajara,CHAPALITA,CALLE LAZARO CARDENAS 3422,3310484741,https://wa.me/523310484741,,,,,,,Sin sitio web registrado,"https://www.google.com/maps/search/?api=1&query=20.66673015,-103.3967285",10656947
9,LAZO VILLA MOEL Y GARCIA,LAZO VILLA MOEL Y GARCIA,31 a 50 personas,Guadalajara,MINERVA,CALLE TOLTECAS 3134,3336413761,https://wa.me/523336413761,jorgec@lvmg.mx,http://www.lvmg.mx,200,si,1.2,si,Sin meta descripción; Sin botón de WhatsApp; Sin datos estructurados (schema),"https://www.google.com/maps/search/?api=1&query=20.68206989,-103.39381479",1958405
9,REN HOUSE DESPACHO DE ABOGADOS,REN HOUSE,6 a 10 personas,Guadalajara,HIDALGO,CALLE PISA 872,3326065623,https://wa.me/523326065623,,http://www.renthouseprotection.com.mx,no_cargo,,,,"El sitio no cargó en la revisión automática ([Errno 104] Connection reset by peer), verificar a mano","https://www.google.com/maps/search/?api=1&query=20.69331467,-103.37641194",9675002
8,ABOGADOS,SOLJUR,0 a 5 personas,Guadalajara,JARDINES DEL BOSQUE,CALLE FIRMAMENTO 592,3315202801,https://wa.me/523315202801,cplegalmexico@hotmail.com,,,,,,Sin sitio web registrado,"https://www.google.com/maps/search/?api=1&query=20.66783378,-103.38872136",8380579
8,ABOGADOS,,0 a 5 personas,Zapopan,ZAPOPAN CENTRO,CALLE LOPEZ COTILLA 15,3333360823,https://wa.me/523333360823,paredesvalle@hotmail.com,,,,,,Sin sitio web registrado,"https://www.google.com/maps/search/?api=1&query=20.72332707,-103.39001061",1848100
8,ABOGADOS,,0 a 5 personas,Zapopan,CHAPALITA SUR,CALLE PLANCARTE 49,3331215913,https://wa.me/523331215913,salcedo_y_asociados@yahoo.com,,,,,,Sin sitio web registrado,"https://www.google.com/maps/search/?api=1&query=20.65868777,-103.40000288",11486973
8,ABOGADOS COG,,0 a 5 personas,Guadalajara,ITALIA PROVIDENCIA,AVENIDA ADOLFO LOPEZ MATEOS NORTE 1038,3313842372,https://wa.me/523313842372,abogadoscog@gmail.com,,,,,,Sin sitio web registrado,"https://www.google.com/maps/search/?api=1&query=20.69232871,-103.37525666",1958038
8,ABOGADOS GAACK,,0 a 5 personas,Guadalajara,TERRANOVA,PRIVADA JOAQUIN ANGULO 2886,3335554865,https://wa.me/523335554865,kristian@gaack.mx,,,,,,Sin sitio web registrado,"https://www.google.com/maps/search/?api=1&query=20.68255384,-103.38952032",8433352
8,ABOGADOS MICHELLE AGUILAR Y ASOCIADOS,,0 a 5 personas,Guadalajara,LADRON DE GUEVARA,CALLE VICTORIANO SALADO ALVAREZ 425,3338083093,https://wa.me/523338083093,michelleaguilar@cp41.mx,,,,,,Sin sitio web registrado,"https://www.google.com/maps/search/?api=1&query=20.68215175,-103.38127559",11041618
8,AGUILA Y ASOCIADOS,,0 a 5 personas,Guadalajara,CENTRO,AVENIDA 16 DE SEPTIEMBRE 730,3331709456,https://wa.me/523331709456,jorgeaguila_@hotmail.com,,,,,,Sin sitio web registrado,"https://www.google.com/maps/search/?api=1&query=20.66491478,-103.34903156",1871723
